gid,url,title,nowprice,price,count
1,img/imglists/g (1).jpg,帕格尼欧式田园整体家具庆生组,"￥47,999","￥39,999",1
2,img/imglists/g (2).jpg,达芬帝中式全屋家具大全套,"￥23,999","￥19,999",3
3,img/imglists/g (3).jpg,达芬帝中式客厅家具套组,"￥15,599","￥12,999",5
4,img/imglists/g (4).jpg,澳洲·earth choice大地之选木质家具清洁...,￥159,￥135,5
5,img/imglists/g (5).jpg,帕格尼欧式田园整体家具庆生组,"￥47,999","￥39,999",7
6,img/imglists/g (6).jpg,帕格尼欧式田园整体家具庆生组,"￥47,999","￥39,999",7
7,img/imglists/g (7).jpg,帕格尼欧式田园整体家具庆生组,"￥47,999","￥39,999",8
8,img/imglists/g (8).jpg,帕格尼欧式田园整体家具庆生组,"￥47,999","￥39,999",3
9,img/imglists/g (9).jpg,达芬帝中式全屋家具大全套,"￥23,999","￥19,999",3
10,img/imglists/g (10).jpg,达芬帝中式全屋家具大全套,"￥23,999","￥19,999",1
11,img/imglists/g (11).jpg,达芬帝中式全屋家具大全套,"￥23,999","￥19,999",3
12,img/imglists/g (12).jpg,达芬帝中式全屋家具大全套,"￥23,999","￥19,999",4
13,img/imglists/g (13).jpg,达芬帝中式客厅家具套组,"￥15,599","￥12,999",3
14,img/imglists/g (14).jpg,达芬帝中式客厅家具套组,"￥15,599","￥12,999",6
15,img/imglists/g (15).jpg,达芬帝中式客厅家具套组,"￥15,599","￥12,999",7
16,img/imglists/g (16).jpg,达芬帝中式客厅家具套组,"￥15,599","￥12,999",7
17,img/imglists/g (17).jpg,澳洲·earth choice大地之选木质家具清洁...,￥159,￥135,6
18,img/imglists/g (18).jpg,澳洲·earth choice大地之选木质家具清洁...,￥159,￥135,3
19,img/imglists/g (19).jpg,澳洲·earth choice大地之选木质家具清洁...,￥159,￥135,9
20,img/imglists/g (20).jpg,澳洲·earth choice大地之选木质家具清洁...,￥159,￥135,3
21,img/imglists/g (21).jpg,帕格尼欧式田园整体家具庆生组,"￥23,999","￥47,999",6
22,img/imglists/g (22).jpg,达芬帝中式全屋家具大全套,"￥15,599","￥47,999",6
23,img/imglists/g (23).jpg,达芬帝中式客厅家具套组,￥159,"￥23,999",4
24,img/imglists/g (24).jpg,澳洲·earth choice大地之选木质家具清洁...,"￥47,999","￥23,999",4
25,img/imglists/g (25).jpg,帕格尼欧式田园整体家具庆生组,"￥47,999","￥23,999",3
26,img/imglists/g (26).jpg,帕格尼欧式田园整体家具庆生组,"￥47,999","￥23,999",2
27,img/imglists/g (15).jpg,帕格尼欧式田园整体家具庆生组,"￥47,999","￥15,599",7
28,img/imglists/g (16).jpg,帕格尼欧式田园整体家具庆生组,"￥23,999","￥15,599",7
29,img/imglists/g (17).jpg,达芬帝中式全屋家具大全套,"￥23,999","￥15,599",6
30,img/imglists/g (18).jpg,达芬帝中式全屋家具大全套,"￥23,999","￥15,599",3
31,img/imglists/g (19).jpg,达芬帝中式全屋家具大全套,"￥23,999",￥159,9
32,img/imglists/g (20).jpg,达芬帝中式全屋家具大全套,"￥15,599",￥159,3
33,img/imglists/g (21).jpg,达芬帝中式客厅家具套组,"￥15,599","￥19,999",6
34,img/imglists/g (22).jpg,达芬帝中式客厅家具套组,"￥15,599","￥19,999",6
35,img/imglists/g (23).jpg,达芬帝中式客厅家具套组,"￥15,599","￥12,999",4
36,img/imglists/g (24).jpg,达芬帝中式客厅家具套组,￥159,"￥12,999",4
37,img/imglists/g (25).jpg,澳洲·earth choice大地之选木质家具清洁...,￥159,"￥12,999",3
38,img/imglists/g (26).jpg,澳洲·earth choice大地之选木质家具清洁...,"￥23,999","￥12,999",7
39,img/imglists/g (23).jpg,澳洲·earth choice大地之选木质家具清洁...,"￥15,599","￥15,599",7
40,img/imglists/g (24).jpg,澳洲·earth choice大地之选木质家具清洁...,￥159,"￥15,599",6
41,img/imglists/g (25).jpg,澳洲·earth choice大地之选木质家具清洁...,"￥47,999","￥15,599",3
42,img/imglists/g (26).jpg,澳洲·earth choice大地之选木质家具清洁...,"￥47,999","￥15,599",9
,,,,,
,,,,,
